country,gdp_per_capita,brand,cars_sold,country_total,share
Argentina,13105,Audi,3571,798665,0.0044712113339134
Argentina,13105,BMW,2843,798665,0.0035596902330764
Argentina,13105,Chevrolet,101951,798665,0.127651768889334
Argentina,13105,Dodge,384,798665,0.000480802338903
Argentina,13105,Ford,96206,798665,0.1204585151471518
Argentina,13105,Honda,9951,798665,0.0124595418604796
Argentina,13105,Hyundai,2740,798665,0.003430725022381
Argentina,13105,Jeep,14331,798665,0.0179436935385925
Argentina,13105,Kia,2816,798665,0.0035258838186223
Argentina,13105,Mercedes Benz,17194,798665,0.0215284255601535
Argentina,13105,Mitsubishi,218,798665,0.0002729554944814
Argentina,13105,Nissan,21955,798665,0.0274896233088967
Argentina,13105,Subaru,434,798665,0.0005434068101143
Argentina,13105,Toyota,91783,798665,0.1149205236237972
Argentina,13105,Volkswagen,120539,798665,0.1509256071068595
Argentina,13105,Volvo,307,798665,0.0003843914532375
Australia,58447,Audi,19416,1146862,0.0169296741892224
Australia,58447,BMW,23055,1146862,0.0201026801829688
Australia,58447,Chrysler,250,1146862,0.0002179861221315
Australia,58447,Ferrari,241,1146862,0.0002101386217347
Australia,58447,Ford,69081,1146862,0.0602347972118703
Australia,58447,Honda,51525,1146862,0.0449269397713064
Australia,58447,Hyundai,94281,1146862,0.0822077983227275
Australia,58447,Infiniti,649,1146862,0.0005658919730534
Australia,58447,Jeep,7326,1146862,0.006387865322942
Australia,58447,Kia,58815,1146862,0.0512834150926615
Australia,58447,Lamborghini,134,1146862,0.0001168405614624
Australia,58447,Lexus,8819,1146862,0.0076896784443115
Australia,58447,Mazda,111280,1146862,0.0970299826831824
Australia,58447,Mercedes Benz,40726,1146862,0.0355108112397132
Australia,58447,Mitsubishi,84944,1146862,0.0740664526333595
Australia,58447,Nissan,57699,1146862,0.0503103250434664
Australia,58447,Porsche,3909,1146862,0.0034084310056484
Australia,58447,Subaru,50015,1146862,0.043610303593632
Australia,58447,Toyota,217061,1146862,0.18926514262396
Australia,58447,Volkswagen,56620,1146862,0.0493694969403467
Australia,58447,Volvo,6693,1146862,0.005835924461705
Austria,46188,Audi,13277,383749,0.0345981357606143
Austria,46188,BMW,18552,383749,0.0483440999194786
Austria,46188,Ford,27844,383749,0.0725578437989415
Austria,46188,Honda,2610,383749,0.0068013206549072
Austria,46188,Hyundai,18836,383749,0.0490841669945719
Austria,46188,Jeep,4704,383749,0.0122580123987293
Austria,46188,Kia,9436,383749,0.024588989156975
Austria,46188,Lexus,364,383749,0.0009485366737112
Austria,46188,Mazda,10739,383749,0.0279844377444631
Austria,46188,Mercedes Benz,20931,383749,0.0545434646083768
Austria,46188,Mitsubishi,5643,383749,0.0147049243125063
Austria,46188,Nissan,7008,383749,0.0182619368389233
Austria,46188,Porsche,1338,383749,0.0034866540368834
Austria,46188,Subaru,742,383749,0.0019335555271805
Austria,46188,Toyota,8879,383749,0.0231375195765982
Austria,46188,Volkswagen,65990,383749,0.1719613601598962
Austria,46188,Volvo,4066,383749,0.010595467349752
Belgium,42403,Audi,28710,624935,0.0459407778408954
Belgium,42403,BMW,40004,624935,0.0640130573579652
Belgium,42403,Ford,34080,624935,0.0545336715018361
Belgium,42403,Honda,3093,624935,0.0049493147287317
Belgium,42403,Hyundai,21853,624935,0.0349684367174186
Belgium,42403,Infiniti,166,624935,0.000265627625273
Belgium,42403,Jeep,4942,624935,0.0079080224343331
Belgium,42403,Kia,13950,624935,0.0223223215214382
Belgium,42403,Lexus,1452,624935,0.0023234416379303
Belgium,42403,Mazda,8693,624935,0.0139102466656532
Belgium,42403,Mercedes Benz,42376,624935,0.0678086520998183
Belgium,42403,Mitsubishi,3368,624935,0.0053893604934913
Belgium,42403,Nissan,21039,624935,0.0336659012537303
Belgium,42403,Porsche,3220,624935,0.0051525358637298
Belgium,42403,Subaru,558,624935,0.0008928928608575
Belgium,42403,Toyota,19150,624935,0.0306431868914367
Belgium,42403,Volkswagen,61360,624935,0.098186211365982
Belgium,42403,Volvo,20155,624935,0.0322513541408306
Brazil,8582,Audi,7108,2531792,0.0028074976143379
Brazil,8582,BMW,8054,2531792,0.0031811460025152
Brazil,8582,Chevrolet,434241,2531792,0.1715152745565196
Brazil,8582,Dodge,678,2531792,0.0002677945107654
Brazil,8582,Ford,235413,2531792,0.0929827568773422
Brazil,8582,Honda,130957,2531792,0.0517250232246566
Brazil,8582,Hyundai,205793,2531792,0.0812835335604188
Brazil,8582,Jeep,106628,2531792,0.0421156240323059
Brazil,8582,Kia,10863,2531792,0.0042906368295657
Brazil,8582,Lexus,209,2531792,8.255022529496893e-05
Brazil,8582,Mercedes Benz,45890,2531792,0.0181255016209862
Brazil,8582,Mitsubishi,21591,2531792,0.0085279517432711
Brazil,8582,Nissan,97499,2531792,0.0385098775886802
Brazil,8582,Porsche,648,2531792,0.0002559451961298
Brazil,8582,Toyota,200052,2531792,0.0790159697163116
Brazil,8582,Volkswagen,390233,2531792,0.1541331199403426
Brazil,8582,Volvo,5866,2531792,0.0023169359884224
Bulgaria,7859,Audi,1056,34154,0.0309187796451367
Bulgaria,7859,BMW,936,34154,0.0274052819581893
Bulgaria,7859,Ford,2591,34154,0.0758622708906716
Bulgaria,7859,Honda,210,34154,0.0061486209521578
Bulgaria,7859,Hyundai,684,34154,0.0200269368155999
Bulgaria,7859,Kia,1225,34154,0.0358669555542542
Bulgaria,7859,Mazda,786,34154,0.0230134098495051
Bulgaria,7859,Mercedes Benz,684,34154,0.0200269368155999
Bulgaria,7859,Mitsubishi,405,34154,0.0118580546934473
Bulgaria,7859,Nissan,1221,34154,0.0357498389646893
Bulgaria,7859,Subaru,188,34154,0.0055044797095508
Bulgaria,7859,Toyota,2816,34154,0.0824500790536979
Bulgaria,7859,Volkswagen,3319,34154,0.0971774901914856
Bulgaria,7859,Volvo,310,34154,0.0090765356912806
Canada,44917,Acura,20337,2033585,0.0100005655037778
Canada,44917,Audi,36908,2033585,0.0181492290708281
Canada,44917,BMW,39033,2033585,0.0191941817037399
Canada,44917,Buick,18160,2033585,0.0089300422652606
Canada,44917,Cadillac,11893,2033585,0.0058482925473978
Canada,44917,Chevrolet,164016,2033585,0.0806536240186665
Canada,44917,Chrysler,9511,2033585,0.0046769621137055
Canada,44917,Dodge,52177,2033585,0.0256576440129131
Canada,44917,Ford,289967,2033585,0.1425890729917854
Canada,44917,GMC,94241,2033585,0.0463422969779969
Canada,44917,Honda,175042,2033585,0.0860755758918363
Canada,44917,Hyundai,127839,2033585,0.06286385865356
Canada,44917,Infiniti,12581,2033585,0.0061866113292535
Canada,44917,Jeep,71583,2033585,0.0352003973278717
Canada,44917,Kia,73009,2033585,0.0359016220123574
Canada,44917,Lexus,24111,2033585,0.0118564013798292
Canada,44917,Lincoln,8197,2033585,0.0040308125797544
Canada,44917,Mazda,73869,2033585,0.036324520489677
Canada,44917,Mercedes Benz,49413,2033585,0.0242984679765045
Canada,44917,Mitsubishi,25237,2033585,0.0124101033396686
Canada,44917,Nissan,136536,2033585,0.0671405424410585
Canada,44917,Porsche,8904,2033585,0.0043784744675044
Canada,44917,Subaru,58070,2033585,0.0285554820673834
Canada,44917,Toyota,207535,2033585,0.1020537621982853
Canada,44917,Volkswagen,72210,2033585,0.0355087198223826
Canada,44917,Volvo,9217,2033585,0.0045323898435521
Chile,13886,Audi,1890,431869,0.0043763270806656
Chile,13886,BMW,4289,431869,0.0099312523010449
Chile,13886,Chevrolet,37716,431869,0.0873320381875059
Chile,13886,Chrysler,8574,431869,0.0198532425341943
Chile,13886,Ford,19397,431869,0.0449140827426835
Chile,13886,Honda,4200,431869,0.0097251712903681
Chile,13886,Hyundai,33397,431869,0.077331320377244
Chile,13886,Kia,32432,431869,0.0750968464974332
Chile,13886,Lexus,341,431869,0.0007895912880989
Chile,13886,Mazda,19752,431869,0.045736091268417
Chile,13886,Mercedes Benz,10209,431869,0.0236391127865162
Chile,13886,Mitsubishi,15720,431869,0.0363999268296636
Chile,13886,Nissan,30535,431869,0.0707043107979503
Chile,13886,Porsche,324,431869,0.0007502274995426
Chile,13886,Subaru,7992,431869,0.0185056116553862
Chile,13886,Toyota,29951,431869,0.0693520488851943
Chile,13886,Volkswagen,17077,431869,0.039542083363242
Chile,13886,Volvo,2191,431869,0.0050732976898087
China,9619,Acura,9424,28075318,0.0003356685042712
China,9619,Audi,620305,28075318,0.0220943178631137
China,9619,BMW,466053,28075318,0.0166000969249929
China,9619,Buick,1068199,28075318,0.0380476189085373
China,9619,Cadillac,228043,28075318,0.0081225437945173
China,9619,Chevrolet,673375,28075318,0.0239845903081133
China,9619,Ford,383462,28075318,0.0136583314924518
China,9619,Honda,1465333,28075318,0.0521929261851994
China,9619,Hyundai,810177,28075318,0.0288572688651291
China,9619,Infiniti,28868,28075318,0.0010282341236526
China,9619,Jeep,124800,28075318,0.0044451856253239
China,9619,Kia,371262,28075318,0.0132237861027967
China,9619,Mazda,281358,28075318,0.0100215427657845
China,9619,Mercedes Benz,512445,28075318,0.0182525091968682
China,9619,Mitsubishi,144018,28075318,0.0051297014694544
China,9619,Nissan,1177736,28075318,0.0419491597566232
China,9619,Toyota,1298568,28075318,0.0462530112748856
China,9619,Volkswagen,3129744,28075318,0.1114767070492309
China,9619,Volvo,169555,28075318,0.0060392904543414
Colombia,6271,Audi,1404,256540,0.0054728307476416
Colombia,6271,BMW,3671,256540,0.0143096593123879
Colombia,6271,Chevrolet,49968,256540,0.1947766430186325
Colombia,6271,Dodge,966,256540,0.0037654946597021
Colombia,6271,Ford,12434,256540,0.048468075153972
Colombia,6271,Honda,2429,256540,0.0094683090356279
Colombia,6271,Hyundai,4967,256540,0.0193615030794418
Colombia,6271,Jeep,1622,256540,0.0063226007640134
Colombia,6271,Kia,21313,256540,0.0830786621969283
Colombia,6271,Mazda,21311,256540,0.0830708661417322
Colombia,6271,Mercedes Benz,4346,256540,0.0169408279410618
Colombia,6271,Mitsubishi,1408,256540,0.0054884228580338
Colombia,6271,Nissan,23217,256540,0.0905005067435877
Colombia,6271,Porsche,236,256540,0.0009199345131363
Colombia,6271,Subaru,1541,256540,0.0060068605285725
Colombia,6271,Toyota,13953,256540,0.0543891790753878
Colombia,6271,Volkswagen,13372,256540,0.0521244250409292
Colombia,6271,Volvo,931,256540,0.0036290636937709
Croatia,13519,Audi,2116,59607,0.0354991863371751
Croatia,13519,BMW,1793,59607,0.0300803596892982
Croatia,13519,Chrysler,161,59607,0.0027010250473937
Croatia,13519,Ford,4361,59607,0.0731625480228832
Croatia,13519,Honda,205,59607,0.0034391933833274
Croatia,13519,Hyundai,2601,59607,0.0436358145855352
Croatia,13519,Kia,1938,59607,0.0325129598872615
Croatia,13519,Mazda,1637,59607,0.0274632174073514
Croatia,13519,Mercedes Benz,1808,59607,0.0303320079856392
Croatia,13519,Mitsubishi,323,59607,0.0054188266478769
Croatia,13519,Nissan,1256,59607,0.0210713506802892
Croatia,13519,Toyota,2338,59607,0.0392235811230224
Croatia,13519,Volkswagen,8367,59607,0.1403694196990286
Croatia,13519,Volvo,389,59607,0.0065260791517774
Czech Republic,19685,Audi,2450,280362,0.0087387021065622
Czech Republic,19685,BMW,5695,280362,0.0203130238762742
Czech Republic,19685,Ford,14769,280362,0.0526783230252316
Czech Republic,19685,Honda,2003,280362,0.0071443348242629
Czech Republic,19685,Hyundai,20593,280362,0.0734514663185453
Czech Republic,19685,Jeep,966,280362,0.0034455454020159
Czech Republic,19685,Kia,10422,280362,0.0371733687161598
Czech Republic,19685,Lexus,394,280362,0.0014053259714226
Czech Republic,19685,Mazda,3317,280362,0.0118311326071293
Czech Republic,19685,Mercedes Benz,8194,280362,0.0292265000249677
Czech Republic,19685,Mitsubishi,2522,280362,0.0089955129439795
Czech Republic,19685,Nissan,5647,280362,0.0201418166513293
Czech Republic,19685,Porsche,316,280362,0.0011271142308872
Czech Republic,19685,Subaru,1370,280362,0.0048865395453021
Czech Republic,19685,Toyota,10280,280362,0.0366668806756978
Czech Republic,19685,Volkswagen,26919,280362,0.0960151518394076
Czech Republic,19685,Volvo,2154,280362,0.007682924219402
Denmark,56563,Audi,8122,256552,0.0316582992921513
Denmark,56563,BMW,7616,256552,0.0296859895849574
Denmark,56563,Ford,20930,256552,0.081581901524837
Denmark,56563,Honda,1627,256552,0.0063417942561352
Denmark,56563,Hyundai,8083,256552,0.031506283326577
Denmark,56563,Jeep,111,256552,0.0004326608250958
Denmark,56563,Kia,7884,256552,0.0307306121176213
Denmark,56563,Mazda,4789,256552,0.0186667810034612
Denmark,56563,Mercedes Benz,16530,256552,0.0644313823318469
Denmark,56563,Mitsubishi,1046,256552,0.0040771461536062
Denmark,56563,Nissan,11071,256552,0.0431530449967258
Denmark,56563,Porsche,120,256552,0.000467741432536
Denmark,56563,Subaru,389,256552,0.0015162618104711
Denmark,56563,Toyota,18023,256552,0.0702508653216501
Denmark,56563,Volkswagen,36914,256552,0.1438850603386448
Denmark,56563,Volvo,4806,256552,0.0187330443730705
Egypt,3831,Chevrolet,39546,193203,0.2046862626356733
Egypt,3831,Ford,3303,193203,0.0170960078259654
Egypt,3831,Honda,330,193203,0.0017080480116768
Egypt,3831,Hyundai,30791,193203,0.1593712312955802
Egypt,3831,Jeep,1904,193203,0.0098549194370687
Egypt,3831,Kia,9398,193203,0.04864313701133
Egypt,3831,Mazda,800,193203,0.0041407224525499
Egypt,3831,Mercedes Benz,1403,193203,0.0072617920011594
Egypt,3831,Mitsubishi,4894,193203,0.025330869603474
Egypt,3831,Nissan,26298,193203,0.1361158988214468
Egypt,3831,Subaru,1808,193203,0.0093580327427627
Egypt,3831,Toyota,13081,193203,0.0677059880022566
Estonia,19677,Audi,424,25983,0.0163183620059269
Estonia,19677,BMW,391,25983,0.0150483008120694
Estonia,19677,Ford,455,25983,0.0175114497940961
Estonia,19677,Honda,1225,25983,0.0471462109841049
Estonia,19677,Hyundai,956,25983,0.0367932879190239
Estonia,19677,Jeep,140,25983,0.0053881383981834
Estonia,19677,Kia,1743,25983,0.0670823230573836
Estonia,19677,Lexus,160,25983,0.0061578724550667
Estonia,19677,Mazda,528,25983,0.0203209791017203
Estonia,19677,Mercedes Benz,436,25983,0.0167802024400569
Estonia,19677,Mitsubishi,164,25983,0.0063118192664434
Estonia,19677,Nissan,794,25983,0.0305584420582688
Estonia,19677,Porsche,128,25983,0.0049262979640534
Estonia,19677,Subaru,917,25983,0.0352923065081014
Estonia,19677,Toyota,4107,25983,0.1580648885809952
Estonia,19677,Volkswagen,1891,25983,0.0727783550783204
Estonia,19677,Volvo,419,25983,0.0161259284917061
Finland,45628,Audi,4917,138972,0.0353812278732406
Finland,45628,BMW,4632,138972,0.0333304550556946
Finland,45628,Ford,12646,138972,0.0909967475462683
Finland,45628,Honda,1749,138972,0.0125852689750453
Finland,45628,Hyundai,4032,138972,0.0290130385977031
Finland,45628,Kia,6272,138972,0.0451313933742048
Finland,45628,Lexus,329,138972,0.0023673833577986
Finland,45628,Mazda,1770,138972,0.012736378551075
Finland,45628,Mercedes Benz,9114,138972,0.0655815559968914
Finland,45628,Mitsubishi,1075,138972,0.0077353711539015
Finland,45628,Nissan,7900,138972,0.0568459833635552
Finland,45628,Porsche,316,138972,0.0022738393345422
Finland,45628,Subaru,1235,138972,0.0088866822093659
Finland,45628,Toyota,16943,138972,0.1219166450795843
Finland,45628,Volkswagen,17257,138972,0.1241760930259332
Finland,45628,Volvo,8995,138972,0.0647252683993898
France,38291,Audi,51575,2656615,0.0194138029033187
France,38291,BMW,57437,2656615,0.0216203702832363
France,38291,Ferrari,273,2656615,0.0001027623498323
France,38291,Ford,113725,2656615,0.0428082352919034
France,38291,Honda,8310,2656615,0.0031280407586345
France,38291,Hyundai,35541,2656615,0.0133783028402685
France,38291,Infiniti,945,2656615,0.0003557158263429
France,38291,Jeep,14461,2656615,0.0054433931902063
France,38291,Kia,42337,2656615,0.0159364454390267
France,38291,Lexus,6095,2656615,0.0022942729751958
France,38291,Mazda,11129,2656615,0.0041891655358416
France,38291,Mercedes Benz,95100,2656615,0.0357974339526051
France,38291,Mitsubishi,6512,2656615,0.0024512396414233
France,38291,Nissan,68936,2656615,0.0259488107987043
France,38291,Porsche,4565,2656615,0.0017183521134978
France,38291,Subaru,720,2656615,0.0002710215819755
France,38291,Toyota,104353,2656615,0.0392804376998548
France,38291,Volkswagen,161351,2656615,0.0607355601018589
France,38291,Volvo,18293,2656615,0.0068858302764984
Germany,42973,Audi,253344,3761207,0.0673571010582507
Germany,42973,BMW,264153,3761207,0.070230912576734
Germany,42973,Cadillac,589,3761207,0.0001565986663323
Germany,42973,Chevrolet,1090,3761207,0.0002898005879495
Germany,42973,Ferrari,688,3761207,0.0001829200041369
Germany,42973,Ford,302114,3761207,0.0803236833282507
Germany,42973,Honda,18627,3761207,0.004952399588749
Germany,42973,Hyundai,115712,3761207,0.0307645923236875
Germany,42973,Infiniti,756,3761207,0.0002009993068714
Germany,42973,Jeep,17120,3761207,0.0045517303355013
Germany,42973,Kia,65803,3761207,0.0174951817328852
Germany,42973,Lamborghini,467,3761207,0.0001241622702499
Germany,42973,Lexus,2766,3761207,0.0007354022259343
Germany,42973,Mazda,67426,3761207,0.0179266921496211
Germany,42973,Mercedes Benz,319141,3761207,0.0848506875585417
Germany,42973,Mitsubishi,53790,3761207,0.0143012602071622
Germany,42973,Nissan,56502,3761207,0.0150223053397486
Germany,42973,Porsche,27768,3761207,0.0073827364460397
Germany,42973,Subaru,7269,3761207,0.0019326242878948
Germany,42973,Toyota,87821,3761207,0.0233491536094663
Germany,42973,Volkswagen,701095,3761207,0.1864015992738501
Germany,42973,Volvo,45349,3761207,0.0120570338191968
Greece,18647,Audi,2662,109939,0.0242134274461292
Greece,18647,BMW,2864,109939,0.0260508099946333
Greece,18647,Ford,5484,109939,0.0498822074059251
Greece,18647,Honda,686,109939,0.0062398239023458
Greece,18647,Hyundai,5722,109939,0.0520470442700042
Greece,18647,Jeep,1159,109939,0.0105422097708729
Greece,18647,Kia,2830,109939,0.0257415475854792
Greece,18647,Mercedes Benz,4143,109939,0.0376845341507563
Greece,18647,Mitsubishi,506,109939,0.0046025523244708
Greece,18647,Nissan,8519,109939,0.0774884253995397
Greece,18647,Toyota,12866,109939,0.117028534005221
Greece,18647,Volkswagen,9474,109939,0.0861750607154876
Greece,18647,Volvo,1695,109939,0.0154176406916562
Hungary,14379,Audi,3193,136423,0.0234051442938507
Hungary,14379,BMW,3106,136423,0.0227674219156593
Hungary,14379,Chrysler,427,136423,0.0031299707527323
Hungary,14379,Ford,18387,136423,0.1347793260667189
Hungary,14379,Honda,3876,136423,0.0284116314697668
Hungary,14379,Hyundai,3751,136423,0.0274953636850091
Hungary,14379,Kia,3693,136423,0.0270702154328815
Hungary,14379,Mazda,2809,136423,0.020590369659075
Hungary,14379,Mercedes Benz,2332,136423,0.0170938917924396
Hungary,14379,Mitsubishi,1801,136423,0.0132015862427889
Hungary,14379,Nissan,5159,136423,0.0378162040125198
Hungary,14379,Subaru,527,136423,0.0038629849805384
Hungary,14379,Toyota,10047,136423,0.073645939467685
Hungary,14379,Volkswagen,11139,136423,0.0816504548353283
Hungary,14379,Volvo,3120,136423,0.0228700439075522
India,1914,Ford,97804,4398461,0.0222359593503273
India,1914,Honda,174859,4398461,0.0397545868884594
India,1914,Hyundai,550002,4398461,0.1250441915933777
India,1914,Jeep,18286,4398461,0.0041573632231819
India,1914,Mitsubishi,297,4398461,6.75236179199952e-05
India,1914,Nissan,7211,4398461,0.0016394370667376
India,1914,Toyota,151480,4398461,0.0344393186616864
India,1914,Volkswagen,37038,4398461,0.008420672594346
Indonesia,3732,BMW,2360,1051125,0.0022452134617671
Indonesia,3732,Chevrolet,2509,1051125,0.0023869663455821
Indonesia,3732,Honda,162170,1051125,0.1542823165655845
Indonesia,3732,Hyundai,1415,1051125,0.0013461767154239
Indonesia,3732,Kia,191,1051125,0.0001817100725413
Indonesia,3732,Lexus,1310,1051125,0.001246283743608
Indonesia,3732,Mazda,5657,1051125,0.0053818527767867
Indonesia,3732,Mercedes Benz,3859,1051125,0.0036713045546438
Indonesia,3732,Mitsubishi,142861,1051125,0.1359124747294565
Indonesia,3732,Nissan,6885,1051125,0.0065501248662147
Indonesia,3732,Toyota,350872,1051125,0.3338061600665953
Indonesia,3732,Volkswagen,511,1051125,0.0004861457961707
Ireland,72607,Audi,4924,152706,0.0322449674538001
Ireland,72607,BMW,4289,152706,0.0280866501643681
Ireland,72607,Ford,17408,152706,0.1139968305109164
Ireland,72607,Honda,1333,152706,0.0087291920422249
Ireland,72607,Hyundai,11804,152706,0.0772988618652836
Ireland,72607,Kia,7454,152706,0.0488127512998834
Ireland,72607,Lexus,484,152706,0.0031694890835985
Ireland,72607,Mazda,2227,152706,0.014583578903252
Ireland,72607,Mercedes Benz,5435,152706,0.035591266878839
Ireland,72607,Mitsubishi,1279,152706,0.0083755713593441
Ireland,72607,Nissan,10858,152706,0.0711039513837046
Ireland,72607,Subaru,205,152706,0.0013424488887142
Ireland,72607,Toyota,14444,152706,0.0945869841394575
Ireland,72607,Volkswagen,18669,152706,0.1222545283093002
Ireland,72607,Volvo,1730,152706,0.0113289589145154
Israel,38301,Audi,4031,266704,0.015114134021237
Israel,38301,BMW,3385,266704,0.0126919731237626
Israel,38301,Cadillac,463,266704,0.0017360069590257
Israel,38301,Chevrolet,6297,266704,0.0236104445377647
Israel,38301,Chevrolet,675,266704,0.0025308956746055
Israel,38301,Ford,1668,266704,0.0062541244225808
Israel,38301,Honda,6237,266704,0.0233854760333553
Israel,38301,Hyundai,38459,266704,0.1442010618513408
Israel,38301,Infiniti,531,266704,0.001990971264023
Israel,38301,Jeep,1012,266704,0.0037944687743715
Israel,38301,Kia,35514,266704,0.1331588577599136
Israel,38301,Lexus,1520,266704,0.0056992021117043
Israel,38301,Mazda,13257,266704,0.0497067910492531
Israel,38301,Mercedes Benz,3688,266704,0.01382806407103
Israel,38301,Mitsubishi,12988,266704,0.0486981822544843
Israel,38301,Nissan,15499,266704,0.058113114164017
Israel,38301,Porsche,283,266704,0.0010611014457975
Israel,38301,Subaru,5759,266704,0.0215932269482272
Israel,38301,Toyota,26673,266704,0.100009748635191
Israel,38301,Volkswagen,5936,266704,0.0222568840362349
Israel,38301,Volvo,1608,266704,0.0060291559181714
Italy,31593,Audi,63505,2082523,0.0304942610477771
Italy,31593,BMW,58039,2082523,0.0278695601441136
Italy,31593,Ferrari,399,2082523,0.0001915945226055
Italy,31593,Ford,150241,2082523,0.0721437410295108
Italy,31593,Honda,8856,2082523,0.0042525340656501
Italy,31593,Hyundai,53455,2082523,0.0256683839746307
Italy,31593,Infiniti,600,2082523,0.0002881120640684
Italy,31593,Jeep,84582,2082523,0.040615157671728
Italy,31593,Kia,48645,2082523,0.0233586855943487
Italy,31593,Lamborghini,212,2082523,0.0001017995959708
Italy,31593,Lexus,3970,2082523,0.0019063414905861
Italy,31593,Mazda,10866,2082523,0.0052177094802794
Italy,31593,Mercedes Benz,68413,2082523,0.0328510177318569
Italy,31593,Mitsubishi,7140,2082523,0.0034285335624144
Italy,31593,Nissan,61121,2082523,0.0293494957798785
Italy,31593,Porsche,5291,2082523,0.0025406682183101
Italy,31593,Subaru,3438,2082523,0.0016508821271121
Italy,31593,Toyota,89775,2082523,0.0431087675862403
Italy,31593,Volkswagen,171383,2082523,0.0822958497937357
Italy,31593,Volvo,19342,2082523,0.0092877725720196
Japan,36117,Audi,26473,5256140,0.0050365857834836
Japan,36117,BMW,51235,5256140,0.009747647513194
Japan,36117,Cadillac,633,5256140,0.0001204305821382
Japan,36117,Chevrolet,878,5256140,0.0001670427347825
Japan,36117,Dodge,399,5256140,7.59112200207757e-05
Japan,36117,Ferrari,767,5256140,0.0001459245758294
Japan,36117,Ford,484,5256140,9.208278318309634e-05
Japan,36117,Honda,747226,5256140,0.1421624994768023
Japan,36117,Jeep,11438,5256140,0.0021761216405955
Japan,36117,Lamborghini,543,5256140,0.0001033077505545
Japan,36117,Lexus,55096,5256140,0.0104822169881319
Japan,36117,Mazda,220743,5256140,0.0419971690251781
Japan,36117,Mercedes Benz,67560,5256140,0.0128535389087809
Japan,36117,Mitsubishi,104591,5256140,0.0198988230907091
Japan,36117,Nissan,616033,5256140,0.1172025478773396
Japan,36117,Porsche,7166,5256140,0.0013633579014257
Japan,36117,Subaru,148453,5256140,0.0282437301898351
Japan,36117,Toyota,1508647,5256140,0.2870256500017122
Japan,36117,Volkswagen,51961,5256140,0.0098857716879687
Japan,36117,Volvo,17392,5256140,0.003308892076695
Kazakhstan,11053,Audi,187,61764,0.003027653649375
Kazakhstan,11053,BMW,544,61764,0.0088077197072728
Kazakhstan,11053,Chevrolet,1135,61764,0.0183764004921961
Kazakhstan,11053,Ford,225,61764,0.003642898775986
Kazakhstan,11053,Hyundai,9072,61764,0.1468816786477559
Kazakhstan,11053,Infiniti,205,61764,0.0033190855514539
Kazakhstan,11053,Kia,2867,61764,0.046418625736675
Kazakhstan,11053,Lexus,1425,61764,0.0230716922479114
Kazakhstan,11053,Mazda,340,61764,0.0055048248170455
Kazakhstan,11053,Mercedes Benz,461,61764,0.0074638948254646
Kazakhstan,11053,Mitsubishi,536,61764,0.00867819441746
Kazakhstan,11053,Nissan,2423,61764,0.0392299721520626
Kazakhstan,11053,Porsche,152,61764,0.0024609805064438
Kazakhstan,11053,Subaru,727,61764,0.0117706107117414
Kazakhstan,11053,Toyota,12302,61764,0.1991775144096885
Kazakhstan,11053,Volkswagen,1550,61764,0.0250955249012369
Korea,31053,Audi,12450,1812994,0.0068670938789648
Korea,31053,BMW,50524,1812994,0.0278677149510698
Korea,31053,Cadillac,2101,1812994,0.0011588565654381
Korea,31053,Chevrolet,72643,1812994,0.0400679759557946
Korea,31053,Ford,8630,1812994,0.0047600819418045
Korea,31053,Honda,7956,1812994,0.004388321196871
Korea,31053,Hyundai,659755,1812994,0.3639035760736108
Korea,31053,Infiniti,2130,1812994,0.0011748522057988
Korea,31053,Jeep,7590,1812994,0.0041864451840436
Korea,31053,Kia,531700,1812994,0.2932717924052699
Korea,31053,Lexus,13340,1812994,0.0073579945658948
Korea,31053,Lincoln,2956,1812994,0.0016304521691743
Korea,31053,Mercedes Benz,70798,1812994,0.0390503222845745
Korea,31053,Nissan,5053,1812994,0.0027871024393903
Korea,31053,Porsche,4285,1812994,0.002363493756736
Korea,31053,Toyota,16774,1812994,0.0092520990141169
Korea,31053,Volkswagen,15390,1812994,0.0084887208672505
Korea,31053,Volvo,8524,1812994,0.0047016151184173
Luxembourg,107201,Audi,3498,57770,0.0605504587155963
Luxembourg,107201,BMW,4973,57770,0.0860827419075644
Luxembourg,107201,Ford,3046,57770,0.0527263285442271
Luxembourg,107201,Honda,348,57770,0.0060238878310541
Luxembourg,107201,Hyundai,1809,57770,0.0313138307079799
Luxembourg,107201,Jeep,673,57770,0.0116496451445386
Luxembourg,107201,Kia,708,57770,0.0122554959321447
Luxembourg,107201,Lexus,148,57770,0.0025618833304483
Luxembourg,107201,Mazda,660,57770,0.0114246148519993
Luxembourg,107201,Mercedes Benz,5455,57770,0.0944261727540245
Luxembourg,107201,Mitsubishi,156,57770,0.0027003635104725
Luxembourg,107201,Nissan,1277,57770,0.0221048987363683
Luxembourg,107201,Porsche,860,57770,0.0148866193526051
Luxembourg,107201,Subaru,125,57770,0.0021637528128786
Luxembourg,107201,Toyota,1029,57770,0.0178120131556171
Luxembourg,107201,Volkswagen,7071,57770,0.1223991691189198
Luxembourg,107201,Volvo,1953,57770,0.0338064739484161
Malaysia,11075,Audi,150,596834,0.0002513261643941
Malaysia,11075,BMW,12008,596834,0.0201194972136305
Malaysia,11075,Chevrolet,234,596834,0.0003920688164548
Malaysia,11075,Ford,6755,596834,0.0113180549365485
Malaysia,11075,Honda,102282,596834,0.1713742849770623
Malaysia,11075,Hyundai,2949,596834,0.0049410723919883
Malaysia,11075,Kia,5658,596834,0.0094800229209461
Malaysia,11075,Lexus,1011,596834,0.0016939383480163
Malaysia,11075,Mazda,16038,596834,0.0268717934970192
Malaysia,11075,Mercedes Benz,13463,596834,0.0225573610082535
Malaysia,11075,Mitsubishi,9261,596834,0.0155168773896929
Malaysia,11075,Nissan,28610,596834,0.0479362770887717
Malaysia,11075,Porsche,342,596834,0.0005730236548185
Malaysia,11075,Subaru,5175,596834,0.0086707526715971
Malaysia,11075,Toyota,65551,596834,0.1098312093479929
Malaysia,11075,Volkswagen,7001,596834,0.0117302298461548
Malaysia,11075,Volvo,1384,596834,0.0023189027434764
Mexico,9945,Acura,2149,1421454,0.0015118322506391
Mexico,9945,Audi,14781,1421454,0.0103985074437864
Mexico,9945,BMW,18501,1421454,0.0130155460535479
Mexico,9945,Buick,2995,1421454,0.0021069974828591
Mexico,9945,Cadillac,1134,1421454,0.0007977746729756
Mexico,9945,Chevrolet,226286,1421454,0.1591933330237911
Mexico,9945,Chrysler,28954,1421454,0.0203692838459774
Mexico,9945,Dodge,5975,1421454,0.0042034423906788
Mexico,9945,Ford,68785,1421454,0.0483905916054969
Mexico,9945,GMC,5654,1421454,0.0039776172848365
Mexico,9945,Honda,83828,1421454,0.0589734173599708
Mexico,9945,Hyundai,50016,1421454,0.0351865062112456
Mexico,9945,Infiniti,2089,1421454,0.0014696219504816
Mexico,9945,Jeep,9642,1421454,0.0067831952353013
Mexico,9945,Kia,94234,1421454,0.0662940904172769
Mexico,9945,Lincoln,1908,1421454,0.0013422875450067
Mexico,9945,Mazda,58112,1421454,0.0408820827124901
Mexico,9945,Mercedes Benz,20528,1421454,0.0144415506938669
Mexico,9945,Mitsubishi,14061,1421454,0.009891983841897
Mexico,9945,Nissan,312034,1421454,0.2195174799888002
Mexico,9945,Porsche,1486,1421454,0.0010454084338993
Mexico,9945,Subaru,1184,1421454,0.0008329499231069
Mexico,9945,Toyota,108761,1421454,0.0765139075903968
Mexico,9945,Volkswagen,157064,1421454,0.1104953097321475
Mexico,9945,Volvo,1940,1421454,0.0013647997050907
Myanmar,1459,Chevrolet,270,17047,0.0158385639702
Myanmar,1459,Ford,1219,17047,0.0715081832580512
Myanmar,1459,Mazda,416,17047,0.0244031207837156
Myanmar,1459,Mitsubishi,181,17047,0.0106177039948378
Myanmar,1459,Nissan,1054,17047,0.0618290608318179
Myanmar,1459,Toyota,3017,17047,0.1769812870299759
Netherlands,47826,Audi,13914,443482,0.0313744413527493
Netherlands,47826,BMW,20672,443482,0.0466129403222678
Netherlands,47826,Ford,24780,443482,0.0558759994768671
Netherlands,47826,Honda,1263,443482,0.0028479171646199
Netherlands,47826,Hyundai,15396,443482,0.034716177883206
Netherlands,47826,Jeep,1151,443482,0.002595370274329
Netherlands,47826,Kia,26340,443482,0.0593936168773479
Netherlands,47826,Lexus,955,443482,0.0021534132163199
Netherlands,47826,Mazda,9745,443482,0.0219738343382595
Netherlands,47826,Mercedes Benz,15623,443482,0.035228036312635
Netherlands,47826,Mitsubishi,6758,443482,0.0152384989695184
Netherlands,47826,Nissan,15532,443482,0.0350228419642736
Netherlands,47826,Porsche,1488,443482,0.0033552658281508
Netherlands,47826,Subaru,653,443482,0.001472438565714
Netherlands,47826,Toyota,23449,443482,0.0528747502717133
Netherlands,47826,Volkswagen,50190,443482,0.1131725752116207
Netherlands,47826,Volvo,16268,443482,0.0366824358147568
New Zealand,40365,Audi,1813,160286,0.011311031531138
New Zealand,40365,BMW,1651,160286,0.0103003381455648
New Zealand,40365,Ford,16375,160286,0.1021611369676702
New Zealand,40365,Honda,5311,160286,0.0331345220418501
New Zealand,40365,Hyundai,8108,160286,0.0505845800631371
New Zealand,40365,Jeep,1564,160286,0.0097575583644235
New Zealand,40365,Kia,6898,160286,0.0430355739116329
New Zealand,40365,Lexus,808,160286,0.0050409892317482
New Zealand,40365,Mazda,12246,160286,0.0764009333316696
New Zealand,40365,Mercedes Benz,3683,160286,0.0229776774016445
New Zealand,40365,Mitsubishi,12334,160286,0.0769499519608699
New Zealand,40365,Nissan,8339,160286,0.0520257539647879
New Zealand,40365,Porsche,348,160286,0.0021711191245648
New Zealand,40365,Subaru,3641,160286,0.0227156457831625
New Zealand,40365,Toyota,32290,160286,0.2014524038281571
New Zealand,40365,Volkswagen,5923,160286,0.0369526970540159
New Zealand,40365,Volvo,639,160286,0.0039866239097613
Norway,75953,Audi,4813,190271,0.0252954995769192
Norway,75953,BMW,12332,190271,0.0648128196099247
Norway,75953,Ford,10526,190271,0.0553210946492108
Norway,75953,Honda,922,190271,0.0048457200519259
Norway,75953,Hyundai,4964,190271,0.0260891044878094
Norway,75953,Jeep,116,190271,0.0006096567527368
Norway,75953,Kia,4480,190271,0.0235453642436314
Norway,75953,Lexus,924,190271,0.0048562313752489
Norway,75953,Mazda,3630,190271,0.0190780518313353
Norway,75953,Mercedes Benz,11214,190271,0.0589369898723399
Norway,75953,Mitsubishi,5549,190271,0.0291636665598015
Norway,75953,Nissan,15423,190271,0.0810580698056981
Norway,75953,Porsche,749,190271,0.0039364905844821
Norway,75953,Subaru,1735,190271,0.0091185729827456
Norway,75953,Toyota,18154,190271,0.0954112818033226
Norway,75953,Volkswagen,30503,190271,0.1603134476614933
Norway,75953,Volvo,11388,190271,0.0598514750014453
Pakistan,1491,Honda,50992,264093,0.1930834971013998
Pakistan,1491,Toyota,65565,264093,0.2482648158035237
Philippines,3500,Audi,464,391168,0.0011861910994764
Philippines,3500,BMW,508,391168,0.0012986747382198
Philippines,3500,Chevrolet,4017,391168,0.0102692449280104
Philippines,3500,Ford,23560,391168,0.0602298756544502
Philippines,3500,Honda,23294,391168,0.0595498609293193
Philippines,3500,Hyundai,35378,391168,0.0904419584424083
Philippines,3500,Jeep,330,391168,0.0008436272905759
Philippines,3500,Kia,2238,391168,0.0057213268979057
Philippines,3500,Lexus,618,391168,0.0015798838350785
Philippines,3500,Mazda,3777,391168,0.0096556978075916
Philippines,3500,Mercedes Benz,773,391168,0.0019761330170157
Philippines,3500,Mitsubishi,66081,391168,0.1689325302683246
Philippines,3500,Nissan,34952,391168,0.0893529123036649
Philippines,3500,Porsche,109,391168,0.0002786526505235
Philippines,3500,Subaru,3035,391168,0.0077588146269633
Philippines,3500,Toyota,152389,391168,0.3895743005562827
Philippines,3500,Volkswagen,1363,391168,0.003484436354712
Philippines,3500,Volvo,103,391168,0.000263313972513
Poland,14332,Audi,14686,531597,0.0276261905165002
Poland,14332,BMW,15625,531597,0.0293925661732477
Poland,14332,Ford,31912,531597,0.0600304365901237
Poland,14332,Honda,7362,531597,0.0138488366187168
Poland,14332,Hyundai,22800,531597,0.0428896325600031
Poland,14332,Infiniti,874,531597,0.0016441025814667
Poland,14332,Jeep,4345,531597,0.0081734848014567
Poland,14332,Kia,24709,531597,0.0464806987247858
Poland,14332,Lexus,4141,531597,0.0077897354574988
Poland,14332,Mazda,12574,531597,0.0236532561319947
Poland,14332,Mercedes Benz,21155,531597,0.0397951831932836
Poland,14332,Mitsubishi,5395,531597,0.0101486652482989
Poland,14332,Nissan,14764,531597,0.0277729182068371
Poland,14332,Porsche,1672,531597,0.0031452397210668
Poland,14332,Subaru,1990,531597,0.0037434372278248
Poland,14332,Toyota,56037,531597,0.1054125587616183
Poland,14332,Volkswagen,56049,531597,0.1054351322524393
Poland,14332,Volvo,10456,531597,0.0196690350020786
Portugal,21057,Audi,4851,266934,0.0181730315358852
Portugal,21057,BMW,13813,266934,0.0517468737590565
Portugal,21057,Ford,12208,266934,0.0457341515131081
Portugal,21057,Honda,1832,266934,0.0068631197224782
Portugal,21057,Hyundai,4702,266934,0.0176148411217754
Portugal,21057,Jeep,1449,266934,0.0054283081211085
Portugal,21057,Kia,5622,266934,0.0210613859605745
Portugal,21057,Lexus,560,266934,0.0020978968583994
Portugal,21057,Mazda,2474,266934,0.0092682086208575
Portugal,21057,Mercedes Benz,17973,266934,0.0673312504214525
Portugal,21057,Mitsubishi,3796,266934,0.0142207437044363
Portugal,21057,Nissan,15553,266934,0.0582653389976548
Portugal,21057,Porsche,260,266934,0.0009740235413997
Portugal,21057,Toyota,11770,266934,0.0440932964702885
Portugal,21057,Volkswagen,13741,266934,0.0514771441629766
Portugal,21057,Volvo,5088,266934,0.019060891456315
Puerto Rico,29753,Acura,850,109819,0.0077400085595388
Puerto Rico,29753,Audi,377,109819,0.003432921443466
Puerto Rico,29753,BMW,1501,109819,0.0136679445269033
Puerto Rico,29753,Chevrolet,805,109819,0.0073302434005044
Puerto Rico,29753,Chrysler,180,109819,0.0016390606361376
Puerto Rico,29753,Dodge,730,109819,0.0066473014687804
Puerto Rico,29753,Ford,8596,109819,0.0782742512679955
Puerto Rico,29753,Honda,5902,109819,0.0537429770804687
Puerto Rico,29753,Hyundai,15069,109819,0.1372166929219898
Puerto Rico,29753,Infiniti,672,109819,0.0061191597082472
Puerto Rico,29753,Jeep,7185,109819,0.0654258370591609
Puerto Rico,29753,Kia,10627,109819,0.0967683187790819
Puerto Rico,29753,Lexus,1066,109819,0.009706881322904
Puerto Rico,29753,Mazda,1314,109819,0.0119651426438048
Puerto Rico,29753,Mercedes Benz,1334,109819,0.0121472604922645
Puerto Rico,29753,Mitsubishi,7566,109819,0.068895182072319
Puerto Rico,29753,Nissan,10893,109819,0.0991904861635964
Puerto Rico,29753,Porsche,181,109819,0.0016481665285606
Puerto Rico,29753,Subaru,286,109819,0.0026042852329742
Puerto Rico,29753,Toyota,30006,109819,0.2732314080441453
Puerto Rico,29753,Volkswagen,801,109819,0.0072938198308125
Puerto Rico,29753,Volvo,349,109819,0.0031779564556224
Romania,10714,Audi,1970,185535,0.0106179427062279
Romania,10714,BMW,2780,185535,0.0149836957986363
Romania,10714,Ford,13957,185535,0.0752256986552402
Romania,10714,Honda,1250,185535,0.0067372732907537
Romania,10714,Hyundai,6343,185535,0.0341876195866009
Romania,10714,Jeep,975,185535,0.0052550731667879
Romania,10714,Kia,3350,185535,0.01805589241922
Romania,10714,Lexus,153,185535,0.0008246422507882
Romania,10714,Mazda,2259,185535,0.0121756002910502
Romania,10714,Mercedes Benz,7975,185535,0.042983803595009
Romania,10714,Mitsubishi,634,185535,0.0034171450130703
Romania,10714,Nissan,4132,185535,0.0222707305899156
Romania,10714,Porsche,331,185535,0.0017840299673915
Romania,10714,Toyota,5596,185535,0.0301614250680464
Romania,10714,Volkswagen,16459,185535,0.0887110248740129
Romania,10714,Volvo,700,185535,0.0037728730428221
Russia,9739,Audi,16216,1800511,0.0090063320912785
Russia,9739,BMW,35619,1800511,0.0197827172397169
Russia,9739,Cadillac,1176,1800511,0.0006531479118983
Russia,9739,Chevrolet,30021,1800511,0.0166735998835886
Russia,9739,Ford,53234,1800511,0.0295660509710854
Russia,9739,Honda,5113,1800511,0.0028397493822587
Russia,9739,Hyundai,178530,1800511,0.099155184278241
Russia,9739,Infiniti,4654,1800511,0.00258482175338
Russia,9739,Jeep,1773,1800511,0.0009847204488059
Russia,9739,Kia,227584,1800511,0.1263996720930891
Russia,9739,Lexus,24312,1800511,0.0135028333623065
Russia,9739,Mazda,31683,1800511,0.0175966711672408
Russia,9739,Mercedes Benz,44133,1800511,0.0245113748263687
Russia,9739,Mitsubishi,45391,1800511,0.025210065364777
Russia,9739,Nissan,80925,1800511,0.0449455737843312
Russia,9739,Porsche,5118,1800511,0.00284252637168
Russia,9739,Subaru,8032,1800511,0.0044609558064349
Russia,9739,Toyota,108492,1800511,0.0602562272599278
Russia,9739,Volkswagen,113745,1800511,0.063173732345984
Russia,9739,Volvo,7772,1800511,0.0043165523565254
Singapore,61373,Audi,2941,93011,0.0316199159239229
Singapore,61373,BMW,5416,93011,0.0582296717592542
Singapore,61373,Ford,113,93011,0.0012149100644009
Singapore,61373,Honda,15040,93011,0.1617013041468213
Singapore,61373,Hyundai,6581,93011,0.0707550719807334
Singapore,61373,Infiniti,224,93011,0.0024083172958037
Singapore,61373,Kia,4085,93011,0.0439195363989205
Singapore,61373,Mazda,5414,93011,0.058208168926256
Singapore,61373,Mercedes Benz,7467,93011,0.0802808269989571
Singapore,61373,Mitsubishi,4355,93011,0.0468224188536839
Singapore,61373,Nissan,6596,93011,0.0709163432282203
Singapore,61373,Porsche,575,93011,0.0061820644869961
Singapore,61373,Subaru,3196,93011,0.0343615271311995
Singapore,61373,Toyota,20031,93011,0.215361623893948
Singapore,61373,Volkswagen,2489,93011,0.026760275666319
Singapore,61373,Volvo,1416,93011,0.0152240057627592
Slovakia,17730,Audi,1582,107078,0.014774276695493
Slovakia,17730,BMW,2785,107078,0.0260090774949102
Slovakia,17730,Ford,2870,107078,0.0268028913502306
Slovakia,17730,Honda,1211,107078,0.0113095126916826
Slovakia,17730,Hyundai,7651,107078,0.071452585965371
Slovakia,17730,Jeep,515,107078,0.0048095780645884
Slovakia,17730,Kia,7043,107078,0.0657744821531967
Slovakia,17730,Lexus,201,107078,0.0018771362931694
Slovakia,17730,Mazda,1991,107078,0.0185939221875642
Slovakia,17730,Mercedes Benz,3421,107078,0.0319486729300136
Slovakia,17730,Mitsubishi,1329,107078,0.0124115131025981
Slovakia,17730,Nissan,1641,107078,0.0153252769009507
Slovakia,17730,Porsche,133,107078,0.0012420852089131
Slovakia,17730,Subaru,453,107078,0.0042305608995311
Slovakia,17730,Toyota,5082,107078,0.0474607295616279
Slovakia,17730,Volkswagen,9328,107078,0.0871140663815162
Slovakia,17730,Volvo,737,107078,0.0068828330749547
Slovenia,23476,Audi,1802,72784,0.0247581886128819
Slovenia,23476,BMW,1529,72784,0.0210073642558804
Slovenia,23476,Ford,2436,72784,0.0334688942624752
Slovenia,23476,Honda,410,72784,0.0056331061771817
Slovenia,23476,Hyundai,3430,72784,0.0471257419213013
Slovenia,23476,Jeep,418,72784,0.0057430204440536
Slovenia,23476,Kia,2651,72784,0.0364228401846559
Slovenia,23476,Mazda,1385,72784,0.0190289074521872
Slovenia,23476,Mercedes Benz,1399,72784,0.019221257419213
Slovenia,23476,Mitsubishi,364,72784,0.0050010991426687
Slovenia,23476,Nissan,2375,72784,0.0326307979775774
Slovenia,23476,Toyota,2391,72784,0.0328506265113211
Slovenia,23476,Volkswagen,11852,72784,0.1628379863706309
Slovenia,23476,Volvo,419,72784,0.0057567597274126
South Africa,6199,Audi,9053,545883,0.0165841398248342
South Africa,6199,BMW,16195,545883,0.0296675294889197
South Africa,6199,Ford,57867,545883,0.1060062321046817
South Africa,6199,Honda,7530,545883,0.013794164683641
South Africa,6199,Hyundai,35858,545883,0.0656880686887116
South Africa,6199,Jeep,767,545883,0.0014050629896882
South Africa,6199,Kia,17335,545883,0.031755889082459
South Africa,6199,Lexus,823,545883,0.0015076490749849
South Africa,6199,Mazda,14644,545883,0.0268262613050781
South Africa,6199,Mercedes Benz,19773,545883,0.0362220475816246
South Africa,6199,Mitsubishi,1689,545883,0.0030940696083226
South Africa,6199,Nissan,48143,545883,0.0881928911506678
South Africa,6199,Porsche,1332,545883,0.0024400833145564
South Africa,6199,Subaru,1031,545883,0.0018886831060868
South Africa,6199,Toyota,129582,545883,0.2373805375877248
South Africa,6199,Volkswagen,81003,545883,0.1483889404872472
South Africa,6199,Volvo,2680,545883,0.0049094769391975
Spain,27725,Audi,55216,1555112,0.035506124317734
Spain,27725,BMW,49418,1555112,0.0317777754914115
Spain,27725,Ford,91756,1555112,0.0590028242338815
Spain,27725,Honda,8017,1555112,0.0051552556986249
Spain,27725,Hyundai,64873,1555112,0.0417159664384301
Spain,27725,Infiniti,1759,1555112,0.0011311082417214
Spain,27725,Jeep,17240,1555112,0.0110860182417729
Spain,27725,Kia,67786,1555112,0.043589143418609
Spain,27725,Lexus,7247,1555112,0.0046601145126524
Spain,27725,Mazda,21362,1555112,0.0137366311879787
Spain,27725,Mercedes Benz,67805,1555112,0.043601361188133
Spain,27725,Mitsubishi,12951,1555112,0.0083280175318562
Spain,27725,Nissan,71210,1555112,0.0457909140949333
Spain,27725,Porsche,2253,1555112,0.0014487702493453
Spain,27725,Subaru,3099,1555112,0.0019927825134138
Spain,27725,Toyota,77020,1555112,0.0495269794072709
Spain,27725,Volkswagen,121579,1555112,0.0781802211030459
Spain,27725,Volvo,15866,1555112,0.0102024805930376
Sweden,52983,Audi,17469,414659,0.0421285924096667
Sweden,52983,BMW,19979,414659,0.0481817589875053
Sweden,52983,Cadillac,104,414659,0.0002508084956554
Sweden,52983,Chevrolet,293,414659,0.0007066047041062
Sweden,52983,Ford,18650,414659,0.0449767158074466
Sweden,52983,Honda,3075,414659,0.0074157319628899
Sweden,52983,Hyundai,4629,414659,0.0111633896768187
Sweden,52983,Jeep,1075,414659,0.0025924916618233
Sweden,52983,Kia,23045,414659,0.0555757863690405
Sweden,52983,Lexus,1585,414659,0.0038224179385953
Sweden,52983,Mazda,5264,414659,0.0126947684724074
Sweden,52983,Mercedes Benz,26140,414659,0.0630397507349412
Sweden,52983,Mitsubishi,5131,414659,0.0123740229923865
Sweden,52983,Nissan,14044,414659,0.03386879339409
Sweden,52983,Porsche,1833,414659,0.0044204997359275
Sweden,52983,Subaru,4884,414659,0.0117783528152047
Sweden,52983,Toyota,24291,414659,0.0585806650766051
Sweden,52983,Volkswagen,70401,414659,0.1697804702176969
Sweden,52983,Volvo,69943,414659,0.1686759481887526
Switzerland,87980,Audi,18374,339736,0.0540831704617703
Switzerland,87980,BMW,24289,339736,0.0714937480867497
Switzerland,87980,Cadillac,233,339736,0.000685826641863
Switzerland,87980,Chevrolet,248,339736,0.0007299785715967
Switzerland,87980,Dodge,209,339736,0.0006151835542892
Switzerland,87980,Ferrari,373,339736,0.0010979113193773
Switzerland,87980,Ford,20166,339736,0.0593578543339534
Switzerland,87980,Honda,3702,339736,0.0108966962582711
Switzerland,87980,Hyundai,8282,339736,0.0243777521369534
Switzerland,87980,Infiniti,127,339736,0.0003738196717451
Switzerland,87980,Jeep,4843,339736,0.0142551863800127
Switzerland,87980,Kia,4879,339736,0.0143611510113735
Switzerland,87980,Lamborghini,143,339736,0.000420915063461
Switzerland,87980,Lexus,734,339736,0.0021605010949678
Switzerland,87980,Mazda,6226,339736,0.0183259943014576
Switzerland,87980,Mercedes Benz,30805,339736,0.0906733463630583
Switzerland,87980,Mitsubishi,4857,339736,0.0142963948477641
Switzerland,87980,Nissan,6271,339736,0.0184584500906586
Switzerland,87980,Porsche,3564,339736,0.0104904985047213
Switzerland,87980,Subaru,4681,339736,0.013778345538889
Switzerland,87980,Toyota,10474,339736,0.0308298208020345
Switzerland,87980,Volkswagen,40304,339736,0.1186332917324039
Switzerland,87980,Volvo,8121,339736,0.0239038547578119
Thailand,6491,Chevrolet,19149,964649,0.0198507436383596
Thailand,6491,Ford,64547,964649,0.0669124209945793
Thailand,6491,Honda,127026,964649,0.131681057047693
Thailand,6491,Hyundai,4894,964649,0.0050733479224049
Thailand,6491,Kia,1109,964649,0.0011496409574881
Thailand,6491,Mazda,65709,964649,0.0681170042160412
Thailand,6491,Mercedes Benz,142,964649,0.00014720380159
Thailand,6491,Mitsubishi,81551,964649,0.0845395579117378
Thailand,6491,Nissan,69314,964649,0.0718541148127453
Thailand,6491,Subaru,2247,964649,0.0023293446631883
Thailand,6491,Toyota,302185,964649,0.3132590196019484
Turkey,12006,Audi,13295,620726,0.0214184680519262
Turkey,12006,BMW,12728,620726,0.0205050215392943
Turkey,12006,Ford,65428,620726,0.1054056056939777
Turkey,12006,Honda,28661,620726,0.0461733518492861
Turkey,12006,Hyundai,33529,620726,0.0540157815203487
Turkey,12006,Jeep,2430,620726,0.0039147707684227
Turkey,12006,Kia,9641,620726,0.0155318127482979
Turkey,12006,Mazda,1005,620726,0.0016190718610143
Turkey,12006,Mercedes Benz,22438,620726,0.0361479944452141
Turkey,12006,Mitsubishi,3849,620726,0.0062008035751684
Turkey,12006,Nissan,26346,620726,0.0424438480102331
Turkey,12006,Porsche,565,620726,0.0009102244790777
Turkey,12006,Subaru,1471,620726,0.0023698056791563
Turkey,12006,Toyota,33978,620726,0.0547391280532795
Turkey,12006,Volkswagen,66834,620726,0.1076706952826206
Turkey,12006,Volvo,5943,620726,0.0095742727064759
Ukraine,2336,Audi,2917,96220,0.0303159426314695
Ukraine,2336,BMW,2148,96220,0.0223238411972562
Ukraine,2336,Chevrolet,636,96220,0.0066098524215339
Ukraine,2336,Ford,4458,96220,0.0463313240490542
Ukraine,2336,Honda,972,96220,0.01010184992725
Ukraine,2336,Hyundai,5099,96220,0.0529931407191852
Ukraine,2336,Infiniti,445,96220,0.0046248181251299
Ukraine,2336,Kia,4881,96220,0.0507274994803575
Ukraine,2336,Lexus,1563,96220,0.0162440241114113
Ukraine,2336,Mazda,3126,96220,0.0324880482228226
Ukraine,2336,Mercedes Benz,3700,96220,0.0384535439617543
Ukraine,2336,Mitsubishi,2195,96220,0.0228123051340677
Ukraine,2336,Nissan,5537,96220,0.0575452088962793
Ukraine,2336,Porsche,569,96220,0.0059135314903346
Ukraine,2336,Subaru,890,96220,0.0092496362502598
Ukraine,2336,Toyota,10082,96220,0.1047807108709208
Ukraine,2336,Volkswagen,7091,96220,0.0736956973602161
Ukraine,2336,Volvo,983,96220,0.0102161712741633
UK,47231,Audi,143739,2731734,0.0526182271041031
UK,47231,BMW,172048,2731734,0.062981241951083
UK,47231,Ferrari,885,2731734,0.0003239700497925
UK,47231,Ford,382175,2731734,0.1399019816717147
UK,47231,Honda,52570,2731734,0.0192441870255303
UK,47231,Hyundai,89961,2731734,0.0329318301123022
UK,47231,Infiniti,750,2731734,0.0002745508896547
UK,47231,Jeep,6114,2731734,0.0022381388524651
UK,47231,Kia,95764,2731734,0.0350561218625239
UK,47231,Lamborghini,541,2731734,0.0001980427084042
UK,47231,Lexus,12405,2731734,0.0045410717148887
UK,47231,Mazda,39602,2731734,0.014497019109474
UK,47231,Mercedes Benz,206108,2731734,0.0754495130199353
UK,47231,Mitsubishi,30851,2731734,0.0112935593289829
UK,47231,Nissan,116068,2731734,0.042488763547256
UK,47231,Porsche,12437,2731734,0.0045527858861807
UK,47231,Subaru,3141,2731734,0.0011498191258738
UK,47231,Toyota,111404,2731734,0.0407814230814566
UK,47231,Volkswagen,245360,2731734,0.0898184083809038
UK,47231,Volvo,50319,2731734,0.0184201682887133
USA,59600,Acura,158934,17779806,0.0089390176698215
USA,59600,Audi,223323,17779806,0.0125604857555813
USA,59600,BMW,311014,17779806,0.0174925418196351
USA,59600,Buick,206863,17779806,0.0116347163742956
USA,59600,Cadillac,154702,17779806,0.0087009948252528
USA,59600,Chevrolet,2033186,17779806,0.1143536661761101
USA,59600,Chrysler,181898,17779806,0.0102305953169567
USA,59600,Dodge,459324,17779806,0.0258340276603692
USA,59600,Ferrari,2488,17779806,0.0001399340352757
USA,59600,Ford,2458613,17779806,0.1382812050930139
USA,59600,GMC,556449,17779806,0.0312966856893714
USA,59600,Honda,1445894,17779806,0.0813222596467025
USA,59600,Hyundai,667634,17779806,0.0375501284997147
USA,59600,Infiniti,149280,17779806,0.008396042116545
USA,59600,Jeep,973227,17779806,0.0547377738542254
USA,59600,Kia,589673,17779806,0.0331653225012691
USA,59600,Lamborghini,1595,17779806,8.970851537975161e-05
USA,59600,Lexus,298310,17779806,0.0167780233372625
USA,59600,Lincoln,103587,17779806,0.0058261040643525
USA,59600,Mazda,300325,17779806,0.0168913541576325
USA,59600,Mercedes Benz,354139,17779806,0.019918046349887
USA,59600,Mitsubishi,118074,17779806,0.0066409048557672
USA,59600,Nissan,1344597,17779806,0.0756249533881303
USA,59600,Porsche,57202,17779806,0.0032172454525094
USA,59600,Subaru,680135,17779806,0.0382532295346754
USA,59600,Toyota,2128359,17779806,0.1197065367304907
USA,59600,Volkswagen,354064,17779806,0.0199138280811387
USA,59600,Volvo,98263,17779806,0.0055266632268091
Uruguay,16037,Audi,195,45301,0.004304540738615
Uruguay,16037,BMW,272,45301,0.0060042824661707
Uruguay,16037,Chevrolet,4497,45301,0.0992693318028299
Uruguay,16037,Ford,1036,45301,0.0228692523343855
Uruguay,16037,Honda,449,45301,0.0099114809827597
Uruguay,16037,Hyundai,2043,45301,0.0450983421999514
Uruguay,16037,Jeep,151,45301,0.0033332597514403
Uruguay,16037,Kia,950,45301,0.0209708394958168
Uruguay,16037,Mazda,103,45301,0.0022736804927043
Uruguay,16037,Mercedes Benz,656,45301,0.0144809165360588
Uruguay,16037,Mitsubishi,234,45301,0.005165448886338
Uruguay,16037,Nissan,3225,45301,0.0711904814463256
Uruguay,16037,Subaru,139,45301,0.0030683649367563
Uruguay,16037,Toyota,1779,45301,0.0392706562769033
Uruguay,16037,Volkswagen,6247,45301,0.1378998256109136
Vietnam,3062,Chevrolet,12334,270509,0.0455955254723502
Vietnam,3062,Ford,24636,270509,0.0910727554351241
Vietnam,3062,Honda,27099,270509,0.100177812937832
Vietnam,3062,Hyundai,9305,270509,0.03439811614401
Vietnam,3062,Kia,42209,270509,0.1560354738659342
Vietnam,3062,Lexus,588,270509,0.0021736799884661
Vietnam,3062,Mazda,32728,270509,0.120986732419254
Vietnam,3062,Mitsubishi,10278,270509,0.0379950389820671
Vietnam,3062,Nissan,2680,270509,0.0099072489270227
Vietnam,3062,Toyota,65856,270509,0.243452158708213
